"journal-article-10.2307_463181-ngram1.txt","Front Matter"
"journal-article-10.2307_2079340-ngram1.txt","Volume Information"
"journal-article-10.2307_40481130-ngram1.txt","List of Active Members by Class"
"journal-article-10.2307_40322543-ngram1.txt","Directory of the Association of American Library Schools 1978"
"journal-article-10.2307_23761418-ngram1.txt","Thirty Years of Poetry: a magazine of verse: INDEX TO VOLUMES 1 - 60 October 1912 - September 1942 (inclusive)"
"journal-article-10.2307_3453854-ngram1.txt","Front Matter"
"journal-article-10.2307_43646796-ngram1.txt",""
"journal-article-10.2307_40220946-ngram1.txt","Distribution of Membership of the American Association of University Professors: January 1, 1953"
"journal-article-10.2307_40712174-ngram1.txt","DEREGULATORY INJUSTICE AND ELECTRONIC REDLINING: THE COLOR OF ACCESS TO TELECOMMUNICATIONS"
"journal-article-10.2307_282819-ngram1.txt","Proceedings of the Sixty-First Annual Meeting of the American Philological Association. Also of the Thirty-First Annual Meeting of the Philological Association of the Pacific Coast"
"journal-article-10.2307_230004-ngram1.txt","Volume Information"
"journal-article-10.2307_769748-ngram1.txt","Robert Robinson. 13 September 1886 -- 8 February 1975"
"journal-article-10.2307_885417-ngram1.txt","Volume Information"
"journal-article-10.1525_jps.2007.36.2.220-ngram1.txt","Bibliography ofPeriodicalLiterature"
"journal-article-10.2307_20460769-ngram1.txt","The Influence of Humor Strength and Humor: Message Relatedness on Ad Memorability: A Dual Process Model"
"journal-article-10.2307_25629714-ngram1.txt","Career Leads"
"journal-article-10.2307_41689936-ngram1.txt","International Film Criticism Today: A Critical Symposium"
"journal-article-10.2307_20460846-ngram1.txt","Antecedents of True Brand Loyalty"
"journal-article-10.2307_20089648-ngram1.txt","Volume Information"
"journal-article-10.2307_2162690-ngram1.txt","Dimensions of Regional Change in Washington, D.C."
"journal-article-10.2307_1123987-ngram1.txt","Women, Public Ministry, and American Fundamentalism, 1920-1950"
"journal-article-10.2307_30036830-ngram1.txt","Using Film to Conduct Historical Inquiry with Middle School Students"
"journal-article-10.2307_23469619-ngram1.txt","Going to a Better School: Effects and Behavioral Responses"
"journal-article-10.1086_235026-ngram1.txt","Book Reviews"
"journal-article-10.2307_891893-ngram1.txt","Publications Received"
"journal-article-10.2307_1478385-ngram1.txt","Ida Rubinstein: A Twentieth-Century Cleopatra"
"journal-article-10.2307_179237-ngram1.txt","\"Let Us Become Radio Mechanics\": Technology and National Identity in Late-Colonial Netherlands East Indies"
"journal-article-10.2307_20644691-ngram1.txt","Harmonization and the Goals of Copyright: Property Rights or Cultural Progress?"
"journal-article-10.2307_1594561-ngram1.txt","Charles Codman: Early Nineteenth-Century Artisan and Artist"
"journal-article-10.2307_25612953-ngram1.txt","Caribeña: Bibliografia Actual/Current Bibliography"
"journal-article-10.2307_836954-ngram1.txt"," Tel père, tel fils? Les opinions esthétiques de la famille Galilei"
"journal-article-10.2307_898286-ngram1.txt","Music Received"
"journal-article-10.2307_43497503-ngram1.txt","Viewing Videos: Class Differences, Black Women, and Interpretations of Black Femininity"
"journal-article-10.2307_1343798-ngram1.txt","Law for Art's Sake in the Public Realm"
"journal-article-10.2307_30172589-ngram1.txt","Japan-Taiwan Relations: Between Affinity and Reality"
"journal-article-10.2307_25690740-ngram1.txt","Tentative Program of the Sixty-Third Annual Conference, Boston, June 19 to 25, 1941"
"journal-article-10.2307_3202471-ngram1.txt","Perspectives on Alternative Assessment Reform"
"journal-article-10.2307_941570-ngram1.txt","Published Hawaiian Songbooks"
"journal-article-10.2307_3718322-ngram1.txt","Subjects"
"journal-article-10.2307_3842354-ngram1.txt","Back Matter"
"journal-article-10.2307_1344175-ngram1.txt","Jody"
"journal-article-10.2307_40725917-ngram1.txt","STATE AND SOCIETY IN THE HSÜN TZU: A PHILOSOPHICAL COMMENTARY"
"journal-article-10.2307_42975745-ngram1.txt","CHAPTER FIVE: Layla"
"journal-article-10.2307_25697111-ngram1.txt","CLASSIFIED ADVERTISEMENTS"
"journal-article-10.2307_43772524-ngram1.txt","Selective Memory: A Note on Social Work Historiography"
"journal-article-10.2307_27747282-ngram1.txt","Mark Twain's \"Annus Horribilis\" of 1908-1909"
"journal-article-10.2307_40632739-ngram1.txt","Back Matter"
"journal-article-10.2307_1406417-ngram1.txt","Plato's Happy Philosopher and Politics"
"journal-article-10.1525_jps.2003.32.3.21-ngram1.txt","Liberating Songs: Palestine Put to Music"
"journal-article-10.2307_4537158-ngram1.txt","Social Behaviour of Students: A Women's College in Mysore City"
"journal-article-10.2307_30227451-ngram1.txt","Uncle Tomitudes: The Popular Reaction to \"Uncle Tom's Cabin\""
"journal-article-10.2307_3175068-ngram1.txt","Siblings and Antislavery: The Literary and Political Relations of Harriet Martineau, James Martineau, and Maria Weston Chapman"
"journal-article-10.2307_23518430-ngram1.txt","Selected Bibliography of Completed Theses and Dissertations Related to North Carolina Subjects"
"journal-article-10.2307_24408470-ngram1.txt","J-HORROR: New Media's Impact on Contemporary Japanese Horror Cinema"
"journal-article-10.2307_27747444-ngram1.txt","Contextuality within Activity Systems and Sustainability of Competitive Advantage"
"journal-article-10.2307_1409436-ngram1.txt","Rohonas and Spotted Lions: The Historical and Cultural Occurrence of the Jaguar, Panthera onca, among the Native Tribes of the American Southwest"
"journal-article-10.2307_30241639-ngram1.txt","The Journal of Col. Eduard Harkort, Captain of Engineers, Texas Army, February 8-July 17, 1836"
"journal-article-10.2307_1581516-ngram1.txt","'The Armies of the Lord': Christianity, Rebels and the State in Northern Uganda, 1986-1999"
"journal-article-10.2307_40491853-ngram1.txt","Modern or Traditional? Lionel H. Pries and Architectural Education at the University of Washington, 1928-1942"
"journal-article-10.2307_3190090-ngram1.txt"," The Ambiguity of Individual Gestures: Revisions of World War I in Abel Gance's \"J'accuse,\" Alain's \"Mars ou La guerre jugée,\" and Bertrand Tavernier's \"La vie et rien d'autre\""
"journal-article-10.2307_40063569-ngram1.txt","Six-Month-Old Infants' Preference for Lexical Words"
"journal-article-10.2307_4047494-ngram1.txt","Agreement Parameters and the Development of English Modal Auxiliaries"
"journal-article-10.2307_20799392-ngram1.txt","Life without Conventionality: American Social Reformers as Summer Campers on Lake Memphremagog, Quebec, 1878—1905"
"journal-article-10.2307_26406731-ngram1.txt","Front Matter"
"journal-article-10.2307_4499733-ngram1.txt","\"Showing Roughness in a Beautiful Way\": Talk about Love, Coercion, and Rape in South African Youth Sexual Culture"
"journal-article-10.5406_pluralist.9.3.0038-ngram1.txt","Addams on Cultural Pluralism, European Immigrants, and African Americans"
"journal-article-10.2307_23783544-ngram1.txt","Utopian Movements: Nikki Giovanni and the Convocation Following the Virginia Tech Massacre"
"journal-article-10.2307_24441141-ngram1.txt","Ossian Euclid Dodge: Eccentric Troubadour"
"journal-article-10.2307_2871154-ngram1.txt","Saints Alive! Falstaff, Martin Marprelate, and the Staging of Puritanism"
"journal-article-10.2307_3051962-ngram1.txt","Alfredo Barili: Atlanta Musician, 1880-1935"
"journal-article-10.2307_40985480-ngram1.txt","OUVRAGES REÇUS AU PREMIER SEMESTRE 2010"
"journal-article-10.2307_20257581-ngram1.txt","Theses toward Higher Degrees 1926-1927"
"journal-article-10.2307_20532168-ngram1.txt","Manuscript mus. 1/D/506 of the Sächsische Landesbibliothek, Dresden (Olim Annaberg, Bibliothek der St. Annenkirche, MS. 1126)"
"journal-article-10.2307_24138725-ngram1.txt","BECOMING A GEOLOGIST: FLORENCE BASCOM AND JOHNS HOPKINS, 1888–1895"
"journal-article-10.2307_2658947-ngram1.txt","China's Provincial Identities: Reviving Regionalism and Reinventing \"Chineseness\""
"journal-article-10.2307_23981307-ngram1.txt","Goethe's \"Wilhelm Meisters Lehrjahre\": An Apprenticeship toward the Mastery of Exactly What?"
"journal-article-10.2307_25800244-ngram1.txt","American Learners of French and their Stereotypes of the French Language and People: A Survey and its Implications for Teaching"
"journal-article-10.2307_40319020-ngram1.txt","Movement and Metaphor: Towards an Embodied Theory of Music Cognition and Hermeneutics"
"journal-article-10.2307_44365525-ngram1.txt","THE SMALL CITY BATH IN CLASSICAL ANTIQUITY AND A RECONSTRUCTION STUDY OF LUCIAN'S « BATHS OF HIPPIAS »"
"journal-article-10.2307_1189896-ngram1.txt","The Work of the Alien Property Custodian"
"journal-article-10.2307_3821226-ngram1.txt","The Natural Artist: Publishing Amos Tutuola's \"The Palm-Wine Drinkard\" in Postwar Britain"
"journal-article-10.2307_41882290-ngram1.txt","WHERE ARE THE WOMEN? The Case of Chilean Women: 1973-1989"
"journal-article-10.2307_2901386-ngram1.txt","\"The Kindergarten of New Consciousness\": Gwendolyn Brooks and the Social Construction of Childhood"
"journal-article-10.2307_24883821-ngram1.txt","Choral Singers \"In the Zane\": Toward Flow Through Score Study and Analysis"
"journal-article-10.2307_20100990-ngram1.txt","Forget Assimilation: Introducing Subjectivity to German-Jewish History"
"journal-article-10.2307_23020448-ngram1.txt","Back Matter"
"journal-article-10.2307_23879733-ngram1.txt","Generalization Effects of Cognitive Strategies Conversation Training for Adults With Moderate to Severe Disabilities"
"journal-article-10.2307_26303881-ngram1.txt","\"Old Mr. Prickle-pin\": Simon Gray's \"Butley\""
"journal-article-10.2307_3205686-ngram1.txt","Back Matter"
"journal-article-10.2307_20010950-ngram1.txt","Schutz in Japan: A Brief History"
"journal-article-10.2307_3045987-ngram1.txt","Edvard Munch's Self-Portrait with Cigarette: Smoking and the Bohemian Persona"
"journal-article-10.2307_43876741-ngram1.txt","Front Matter"
"journal-article-10.2307_41961690-ngram1.txt","Childhood as Rhetoric"
"journal-article-10.2307_750867-ngram1.txt","The Historiography of Discovery in the Renaissance: The Sources and Composition of Polydore Vergil's De Inventoribus Rerum, I-III"
"journal-article-10.2307_26434663-ngram1.txt","\"There's No Way Not To Lose\": Langston Hughes and Intraracial Class Antagonism"
"journal-article-10.2307_40637956-ngram1.txt","Wilde in Omaha"
"journal-article-10.2307_43754302-ngram1.txt","susumu hani"
"journal-article-10.2307_666392-ngram1.txt","Peyotism, 1521-1891"
"journal-article-10.2307_41858653-ngram1.txt","SEEDS OF CHANGE: COMPARING STATE-RELIGION RELATIONS IN QATAR AND SAUDI ARABIA"
"journal-article-10.2307_2706974-ngram1.txt","Intellectual Property Protection and Antitrust in the Developing World: Crisis, Coercion, and Choice"
"journal-article-10.2307_30162517-ngram1.txt","Dogs on the Street, Pumas on Your Feet: How Cues in the Environment Influence Product Evaluation and Choice"
"journal-article-10.2307_41480870-ngram1.txt","\"A COMMITTEE OF TWO\""
"journal-article-10.2307_843903-ngram1.txt","journal-article-10.2307_843903-ngram1.txt"
"journal-article-10.2307_26269771-ngram1.txt","The persistence of subsistence"
"journal-article-10.2307_1414960-ngram1.txt","A Quantitative Analysis of Indian Music"
"journal-article-10.2307_30200380-ngram1.txt","Current Uses of Hypertext in Teaching Literature"
"journal-article-10.1086_210495-ngram1.txt","Book Reviews"
"journal-article-10.2307_1214744-ngram1.txt","The Double Bass as a Solo Instrument in Early Jazz"
"journal-article-10.2307_40647733-ngram1.txt","VICTIMS, \"CLOSURE,\" AND THE SOCIOLOGY OF EMOTION"
"journal-article-10.2307_41939870-ngram1.txt","Thinking about \"Rethinking Life and Death\": The Character and Rhetorical Function of Dramatic Irony in a Life Ethics Discourse"
"journal-article-10.2307_24879283-ngram1.txt","ATTITUDES OF FIRST-YEAR LAW STUDENTS AT THE UNIVERSITY OF NEW MEXICO"
"journal-article-10.2307_3195305-ngram1.txt","\"So Much Generosity and Affection\": Some Newly-Discovered Letters of E. M. Forster"
"journal-article-10.2307_40643255-ngram1.txt","Martha Stewart's Living Landscapes"
"journal-article-10.1525_jm.2011.28.1.118-ngram1.txt","Extended Play: Reflections of Heinrich Isaac's Music in Early Tudor England"
"journal-article-10.2307_887426-ngram1.txt","Calendar"
"journal-article-10.2307_831066-ngram1.txt","\"New Music for New Ears\": The International Composers' Guild"
"journal-article-10.2307_831617-ngram1.txt","journal-article-10.2307_831617-ngram1.txt"
"journal-article-10.2307_900791-ngram1.txt","Music Metadata and Authority Control in an International Context"
"journal-article-10.2307_1921590-ngram1.txt","Gen. John Hartwell Cocke of Bremo 1780-1866: A Brief Biography and Genealogical Review with a Short History of Old Bremo"
"journal-article-10.2307_25694770-ngram1.txt","Classified Advertisements"
"journal-article-10.2307_42975941-ngram1.txt","Using a Journal to Develop Reflective and Critical Thinking Skills in Classroom Settings"
"journal-article-10.2307_20205383-ngram1.txt","Building on the Sound System of Spanish: Insights from the Alphabetic Spellings of English-Language Learners"
"journal-article-10.2307_3219714-ngram1.txt","Abstracts of Colloquium Papers"
"journal-article-10.2307_3345824-ngram1.txt","Preference Responses and Use of Written Descriptors among Music and Nonmusic Majors in the United States, Hong Kong, and the People's Republic of China"
"journal-article-10.2307_738781-ngram1.txt","Aspects of the Modern Art-Song"
"journal-article-10.2307_958231-ngram1.txt","London Diary for December"
"journal-article-10.2307_25070196-ngram1.txt","Suzan-Lori Parks's Drama of Disinterment: A Transnational Exploration of \"Venus\""
"journal-article-10.2307_2784769-ngram1.txt","The Self-Emancipated Africans of Florida: Pan-African Nationalists in the \"New World\""
"journal-article-10.2307_3700104-ngram1.txt","Reclaiming Education's Doctorates: A Critique and a Proposal"
"journal-article-10.2307_40495579-ngram1.txt","The Poetics of the Crocodile: Changing Cultural Perspectives in Ambonwari"
"journal-article-10.2307_26304691-ngram1.txt","On Playing the \"\"Goldberg\" Variations\"; or, Mothering In and Out of Context"
"journal-article-10.1525_vs.2008.3.3.261-ngram1.txt","Embodying the Nation: Mediumship, Ritual, and the National Imagination"
"journal-article-10.2307_20160431-ngram1.txt","The Nelson-Kindred Campaign of 1882"
"journal-article-10.2307_259691-ngram1.txt","Zionism and Its Liberal Critics, 1896-1948"
"journal-article-10.2307_493222-ngram1.txt","American History through Music and Role Play"
"journal-article-10.2307_40859776-ngram1.txt","THE 1924 ALPHA DELTA PHI PRODUCTION OF \"TITUS ANDRONICUS\""
"journal-article-10.2307_2737997-ngram1.txt","Front Matter"
"journal-article-10.2307_645650-ngram1.txt","Notes on the Fantastic Journey of the Hajj, His Anthropologist, and Her American Passport"
"journal-article-10.5406_blacmusiresej.32.1.0161-ngram1.txt","Diasporal Dimensions of Dominican Folk Religion and Music"
"journal-article-10.2307_3647733-ngram1.txt","News vs. Entertainment: How Increasing Media Choice Widens Gaps in Political Knowledge and Turnout"
"journal-article-10.2307_41329612-ngram1.txt","Refugee Planters: Henry Watkins Allen and the Hemispheric South"
"journal-article-10.2307_42857332-ngram1.txt","The Enduring Salience of Class Analysis for Sociologies of Work"
"journal-article-10.2307_40358947-ngram1.txt","Letters of Josiah Royce to Daniel Gregory Mason, Mary Lord Mason, and Edward Palmer Mason, 1900-1904"
"journal-article-10.2307_42915948-ngram1.txt","Women of the Pacific Northwest"
"journal-article-10.2307_20522024-ngram1.txt","Folk-Lore and Folk-Culture"
"journal-article-10.2307_4489114-ngram1.txt","Poems Living with Paintings: Cole Swensen's Ekphrastic Try"
"journal-article-10.2307_41120866-ngram1.txt","Eingegangene Schriften"
"journal-article-10.2307_43504928-ngram1.txt","Publicity and Authorship in \"The Touchstone\", or A Portrait of the Artist as a Dead Woman"
"journal-article-10.2307_3387075-ngram1.txt","Back Matter"
"journal-article-10.2307_43051021-ngram1.txt","MUSICAL SETTINGS OF WAR TEXTS IN TWO TWENTIETH-CENTURY BRITISH CHORAL WORKS: Part 2"
"journal-article-10.2307_20109410-ngram1.txt","The Moral Significance of the Music of the Black Atlantic"
"journal-article-10.2307_23859503-ngram1.txt","Investigation of the Effects of Disclosure Statements in Rental Car Advertisements"
"journal-article-10.2307_41933578-ngram1.txt","GREEK HOPLITES IN AN ANCIENT CHINESE SIEGE"
"journal-article-10.2307_319365-ngram1.txt","The College Requirement for Proficiency in a Foreign Language"
"journal-article-10.2307_42725563-ngram1.txt","Helping Literacy Emerge at School for Less-Advantaged Children"
"journal-article-10.2307_1261488-ngram1.txt","Supranational English, American Values, and East-Central Europe"
"journal-article-10.2307_42620257-ngram1.txt","Nationalism in British Eighteenth-Century Painting: Sir Joshua Reynolds and Benjamin West"
"journal-article-10.2307_1396432-ngram1.txt","The New Orthodox Theology"
"journal-article-10.2307_23548131-ngram1.txt","Choral Reviews"
"journal-article-10.2307_1319735-ngram1.txt","School Art and Its Social Origins"
"journal-article-10.2307_27735009-ngram1.txt","Jazz and Revival"
"journal-article-10.2307_30000077-ngram1.txt","Affirmative Disclosure at the FTC: Objectives for the Remedy and Outcomes of Past Orders"
"journal-article-10.2307_20711740-ngram1.txt","Back Matter"
"journal-article-10.2307_368435-ngram1.txt","Boundaries, Bridges, and the History of Education"
"journal-article-10.2307_1187920-ngram1.txt","Critical Ethnography in the Study of Comparative Education"
"journal-article-10.2307_27770928-ngram1.txt","ALA Midwiter Meeting Advance Registration"
"journal-article-10.2307_43824242-ngram1.txt","Interactive Digital Storytelling with Refugee Children"
"journal-article-10.2307_25154321-ngram1.txt","Back Matter"
"journal-article-10.2307_41315385-ngram1.txt","Absent or Deferred? Utopia and Desire in Postmodern Architecture"
"journal-article-10.2307_540504-ngram1.txt","Puppet Voices and Interlocutors: Language in Folk Puppetry"
"journal-article-10.2307_1499693-ngram1.txt","\"Shining in Borrowed Plumage\": Affirmation of Community in the Black Coronation Festivals of New England (c. 1750-c. 1850)"
"journal-article-10.2307_24046763-ngram1.txt","Play songs by children and their educational implications"
"journal-article-10.2307_891430-ngram1.txt","Front Matter"
"journal-article-10.2307_1476839-ngram1.txt","Designing Programs for Foreign Languages"
"journal-article-10.1525_lal.2002.14.1.169-ngram1.txt","Lawyers in the Yellow Pages"
"journal-article-10.2307_25094773-ngram1.txt","Front Matter"
"journal-article-10.2307_3710872-ngram1.txt","Changes in Religious Culture in Post War II Poland"
"journal-article-10.2307_40357497-ngram1.txt",""
"journal-article-10.2307_4497005-ngram1.txt","Echoes of the City: Spacing Sound, Sounding Space, 1888-1916"
"journal-article-10.2307_3039141-ngram1.txt","The Thirty-Ninth Annual Meeting of the Council of The Renaissance Society of America"
"journal-article-10.2307_3193113-ngram1.txt","Back Matter"
"journal-article-10.2307_41818709-ngram1.txt","Portuguese Organ Cases of the Eighteenth Century: Splendor and Effectiveness"
"journal-article-10.2307_41857128-ngram1.txt","EXPLORING THE POTENTIALS OF THEATRE IN CULTURE CHANGE AND CULTURE PRESERVATION"
"journal-article-10.2307_24365026-ngram1.txt","Traces of castes and other social strata in the Maldives: A case study of social stratification in a diachronic perspective (Ethnographic, historic, and linguistic evidence)"
"journal-article-10.2307_3345020-ngram1.txt","Interval and Pitch Recognition in and out of Immediate Context"
"journal-article-10.2307_40981133-ngram1.txt","Santa or the Grinch: Paradoxes Presented by the Use of Today's Popular Media"
"journal-article-10.2307_830242-ngram1.txt","The Principles of Greek Notation"
"journal-article-10.2307_23876319-ngram1.txt","Historical Trends and Present Status of Education for the Retarded in Norway"
"journal-article-10.2307_2056447-ngram1.txt","Symbolic Patterning in Angkola Batak Adat Ritual"
"journal-article-10.2307_23025811-ngram1.txt","Walt Kuhn and the Penguin: High Jinks and Experimental Art"
"journal-article-10.2307_20057636-ngram1.txt","Within the Veil of Interdisciplinary Knowledge?: Jefferson, Du Bois, and the Negation of Politics"
"journal-article-10.2307_3178588-ngram1.txt","Back Matter"
"journal-article-10.2307_3384589-ngram1.txt","Association and Club News"
"journal-article-10.2307_3187210-ngram1.txt","News Notes"
"journal-article-10.2307_41389372-ngram1.txt","You're Beautiful When You're Angry: Fashion Magazines and Recent Feminisms"
"journal-article-10.2307_41416225-ngram1.txt","ON EXPERIMENTAL CRITICISM COGNITION, EVOLUTION, AND LITERARY THEORY"
"journal-article-10.2307_1023790-ngram1.txt","German Immigrants and Their Children"
"journal-article-10.2307_3369301-ngram1.txt","Front Matter"
"journal-article-10.2307_1557286-ngram1.txt","Early Photographic Images of the Smiths: A Family of Artists"
"journal-article-10.2307_20623586-ngram1.txt","The Summer Shopping List: 125 Irish-Interest Titles for May through August from BookFind CD and Publishers' Catalogues"
"journal-article-10.2307_23534727-ngram1.txt","The North Carolina Literary and Historical Association: Looking to the Future"
"journal-article-10.2307_25476223-ngram1.txt","Current JJ Checklist (9)"
"journal-article-10.2307_25715330-ngram1.txt","Mr. Justice Sutherland"
"journal-article-10.2307_3414347-ngram1.txt","Student Personnel Work: In Schools of Nursing"
"journal-article-10.2307_41548487-ngram1.txt","Front Matter"
"journal-article-10.2307_42930456-ngram1.txt","POLITICS AND POETICS : SIR WILLIAM JONES AND EIGHTEENTH-CENTURY VIEWS ON AESTHETICS"
"journal-article-10.2307_978915-ngram1.txt","Relations of the Negro with Christianity in Portuguese America"
"journal-article-10.2307_315403-ngram1.txt","Notes, News, and Clippings"
"journal-article-10.2307_43453757-ngram1.txt","Front Matter"
"journal-article-10.2307_23086190-ngram1.txt","Maternal and Paternal Responses to Infant Distress"
"journal-article-10.2307_3129113-ngram1.txt","Chance, Love, and Incompatibility"
"journal-article-10.2307_40373892-ngram1.txt","Northwestern's Piano D. M.: A Three-Program Approach"
"journal-article-10.2307_25104673-ngram1.txt","journal-article-10.2307_25104673-ngram1.txt"
"journal-article-10.2307_40206401-ngram1.txt","Reflections on \"John Henry\": Ethical Issues in Singing Performance"
"journal-article-10.2307_1343998-ngram1.txt","\"All the Things You Could Be by Now If Sigmund Freud's Wife Was Your Mother\": Psychoanalysis and Race"
"journal-article-10.2307_1520660-ngram1.txt","Folk Song Discography"
"journal-article-10.2307_25475626-ngram1.txt","journal-article-10.2307_25475626-ngram1.txt"
"journal-article-10.2307_25604003-ngram1.txt","Not Only an Economist—Autobiographical Reflections of a Historian of Economic Thought"
"journal-article-10.2307_3350103-ngram1.txt","Drug Legalization and the Minority Poor"
"journal-article-10.2307_3387779-ngram1.txt","New Books"
"journal-article-10.2307_40018476-ngram1.txt","Early Camp Meetings in Faulkner County, Arkansas"
"journal-article-10.2307_40991431-ngram1.txt","The \"moral witness\" and the two world wars"
"journal-article-10.2307_27894698-ngram1.txt","Afro-American Resistance to Gentrification and the Demise of Integrationist Ideology in the United States"
"journal-article-10.2307_3354852-ngram1.txt","Front Matter"
"journal-article-10.2307_40506142-ngram1.txt","Urban Noise and the Cultural Evolution of Bird Songs"
"journal-article-10.2307_27764134-ngram1.txt","Still in Crisis? Gabriel Peveroni's El Hueco (una tribu urbana)"
"journal-article-10.2307_1078830-ngram1.txt","Educational News and Editorial Comment"
"journal-article-10.2307_20609647-ngram1.txt","Dr. John Scouler's Journal of a Voyage to N. W. America. [1824-'25-'26.] II. Leaving the Galapagos Islands for the North Pacific Coast"
"journal-article-10.2307_20161087-ngram1.txt","News and Comment"
"journal-article-10.2307_41403262-ngram1.txt","American Theater Watch, 1977-2010"
"journal-article-10.2307_44259027-ngram1.txt","Developing community leadership through the arts in Southside Virginia: Social networks, civic identity and civic change"
"journal-article-10.2307_44366989-ngram1.txt","THE VAMPIRE′S GAZE: GOTHIC PERFORMANCE IN THEORY AND PRACTICE"
"journal-article-10.2307_682524-ngram1.txt","Chto Delat'? Ethnography in the Post-Soviet Cultural Context"
"journal-article-10.2307_27746698-ngram1.txt","Stardom Is Born: The Religion and Economy of Publicity in Henry James' \"The Bostonians\""
"journal-article-10.2307_3531756-ngram1.txt","When Cultures Clash: Views from the Professions"
"journal-article-10.2307_4522738-ngram1.txt","Alan Lomax. (1915-2002)"
"journal-article-10.2307_869348-ngram1.txt","Volume Information"
"journal-article-10.2307_20109679-ngram1.txt","Gray Eminence"
"journal-article-10.2307_23251009-ngram1.txt","Back Matter"
"journal-article-10.2307_2458777-ngram1.txt","Evolution and Speciation in Mosses"
"journal-article-10.2307_3852984-ngram1.txt","Bloomin' Genius"
"journal-article-10.2307_40072582-ngram1.txt","Products of Interest"
"journal-article-10.2307_714907-ngram1.txt","Fanti Marriage Customs"
"journal-article-10.2307_467402-ngram1.txt","Diane di Prima: Extending La Famiglia"
"journal-article-10.2307_1834086-ngram1.txt","Minor Notices"
"journal-article-10.2307_3041798-ngram1.txt","At the Heart of Shange's Feminism: An Interview"
"journal-article-10.2307_3875685-ngram1.txt","Rethinking \"Mestizaje\": Ideology and Lived Experience"
"journal-article-10.2307_436441-ngram1.txt","journal-article-10.2307_436441-ngram1.txt"
"journal-article-10.2307_499674-ngram1.txt","Archaeological News and Discussions"
"journal-article-10.2307_20403575-ngram1.txt","Illiteracy Starts Too Soon"
"journal-article-10.2307_23016809-ngram1.txt","Back Matter"
"journal-article-10.2307_3345660-ngram1.txt","Influence of Selected Variables on Solo and Small-Ensemble Festival Ratings"
"journal-article-10.2307_3714776-ngram1.txt","New Publications. June-August, 1924"
"journal-article-10.2307_41389106-ngram1.txt","Anorexia and Modernism, or How I Learned to Diet in All Directions"
"journal-article-10.2307_4633409-ngram1.txt","Pierce County in 1860"
"journal-article-10.2307_1409096-ngram1.txt","The Exaggeration of Despair in Sherman Alexie's \"Reservation Blues\""
"journal-article-10.2307_1571630-ngram1.txt","Documents and Bibliographies"
"journal-article-10.2307_27946416-ngram1.txt","GOVERNMENT DOCUMENTS &amp; THE ART LIBRARIAN: A Selected Annotated Bibliography of Art and Art-Related Documents"
"journal-article-10.2307_3090564-ngram1.txt","'Gyrene': A Lexicographical Stumbling Block"
"journal-article-10.2307_40341786-ngram1.txt","Strangers or Friends? The Need for Adults in the Life of Adolescents. Frobenius Lecture 1995"
"journal-article-10.2307_41818557-ngram1.txt","Inspired Movement versus Static Uniformity: A Comparison of Trecento and Quattrocento Dance Images"
"journal-article-10.2307_2139645-ngram1.txt","Responsibility for the War of Secession"
"journal-article-10.2307_319982-ngram1.txt","Front Matter"
"journal-article-10.2307_3208833-ngram1.txt","Volume Information"
"journal-article-10.2307_40244369-ngram1.txt","The Black Bishop (1867)"
"journal-article-10.2307_40373764-ngram1.txt","The Education of the Performing Musician"
"journal-article-10.1525_irqr.2008.1.2.235-ngram1.txt","Becoming Men, Becoming-Men?"
"journal-article-10.2307_25791272-ngram1.txt","Verbal Subversion and Satire in Japan, 1937-1945, as Documented by the Special High Police"
"journal-article-10.2307_3387080-ngram1.txt","Contemporary American Music in Education"
"journal-article-10.2307_43090646-ngram1.txt","RECENT AND RELEVANT"
"journal-article-10.2307_4403792-ngram1.txt","Pakistan-India: The Chill Factor"
"journal-article-10.2307_20026654-ngram1.txt","The Uses of Fraternity"
"journal-article-10.2307_20123824-ngram1.txt","Aristotle and the Question of Character in Literature"
"journal-article-10.2307_3410224-ngram1.txt","Staff Education: In-Service"
"journal-article-10.2307_398537-ngram1.txt","Front Matter"
"journal-article-10.2307_40169217-ngram1.txt","A Dedication to the Memory of Benjamin Franklin Shambaugh 1871-1940"
"journal-article-10.2307_43472220-ngram1.txt","Frank Bidart and the Tone of Contemporary Poetry"
"journal-article-10.2307_29725905-ngram1.txt","Thank You, Mr. Shaw"
"journal-article-10.2307_3199836-ngram1.txt","Othello's African American Progeny"
"journal-article-10.2307_3400620-ngram1.txt","Oral History: A Popular Research Technique That Can Work in Music Classes"
"journal-article-10.2307_3814717-ngram1.txt","Disengagement by Engagement: Volkskunde in a Period of Change"
"journal-article-10.2307_40162759-ngram1.txt","The Plight of the American Writer"
"journal-article-10.2307_40211614-ngram1.txt","Pretoria in Black and White"
"journal-article-10.2307_40650604-ngram1.txt","Back Matter"
"journal-article-10.2307_41819914-ngram1.txt","Back Matter"
"journal-article-10.2307_832532-ngram1.txt","Schoenberg and the Organ"
"journal-article-10.2307_895337-ngram1.txt","Front Matter"
"journal-article-10.2307_40017298-ngram1.txt","Back Matter"
"journal-article-10.2307_25774053-ngram1.txt","surviving our society with its limitations"
"journal-article-10.2307_43797294-ngram1.txt","Getting at Literary Terms through Short Films"
"journal-article-10.2307_1206870-ngram1.txt","Back Matter"
"journal-article-10.2307_40216751-ngram1.txt","Committees of the Association"
"journal-article-10.2307_40478794-ngram1.txt","The Duty of Art: Museums and Social Consciousness"
"journal-article-10.2307_452424-ngram1.txt","The Slang of Jazz"
"journal-article-10.2307_24158347-ngram1.txt","Index to Vol.XXVII"
"journal-article-10.2307_2853950-ngram1.txt","Bibliography of Periodical Literature"
"journal-article-10.2307_42835582-ngram1.txt","GRINS BETWEEN GRINDS"
"journal-article-10.2307_43471229-ngram1.txt","Toward Passionate Utterance: An Interview with W. D. Snodgrass"
"journal-article-10.2307_738219-ngram1.txt"," Bonnet--Bossi--Karg-Elert: Three Aperçus"
"journal-article-10.2307_829869-ngram1.txt","The Set Piece"
"journal-article-10.2307_831465-ngram1.txt","journal-article-10.2307_831465-ngram1.txt"
"journal-article-10.2307_1253081-ngram1.txt","The International Folk-Lore Congress, 1891"
"journal-article-10.2307_3680324-ngram1.txt","Products of Interest"
"journal-article-10.2307_3815342-ngram1.txt","Introduction: Colour Film"
"journal-article-10.2307_819323-ngram1.txt","NCTE to You"
"journal-article-10.2307_25124204-ngram1.txt","Asbestos"
"journal-article-10.2307_3078834-ngram1.txt","Annual Membership Meeting"
"journal-article-10.2307_3400930-ngram1.txt","Technology for Teaching: Optical Videodiscs: A New Classroom Tool for Teaching Music"
"journal-article-10.2307_43539168-ngram1.txt","2005-2006 MTNA NATIONAL STUDENT COMPETITIONS WINNERS"
"journal-article-10.2307_465273-ngram1.txt","Back Matter"
"journal-article-10.2307_20371573-ngram1.txt","Education and the Impulse Life of the Child"
"journal-article-10.2307_3204921-ngram1.txt","\"The Family Reunion\" Reconsidered"
"journal-article-10.2307_44654049-ngram1.txt","Contributors"
"journal-article-10.2307_178596-ngram1.txt","Structural Foundations of the Gay World"
"journal-article-10.2307_1978816-ngram1.txt","With the Technicians"
"journal-article-10.2307_23033961-ngram1.txt","Understanding Digital-Synthesized Photographs Through Theories of Knowledge: A Case Study of Tom Bamberger's \"Cultured Landscapes\""
"journal-article-10.2307_25825447-ngram1.txt","Archivists and Education: Modifying Library School Curricula"
"journal-article-10.2307_4020519-ngram1.txt","How the Vote Was Won"
"journal-article-10.2307_4024285-ngram1.txt","Black Feminism 101"
"journal-article-10.2307_41324087-ngram1.txt","Journal of the Society of Arts, Vol. 21, no. 1071"
"journal-article-10.1086_668632-ngram1.txt","Front Parlor from the Powel House, Philadelphia, 1769–70"
"journal-article-10.1525_fq.2006.59.4.67.2-ngram1.txt","With a Crooked Stick: The Films of Oscar Micheaux"
"journal-article-10.2307_20257156-ngram1.txt","Medical News"
"journal-article-10.2307_25090811-ngram1.txt","Between the Trumpet and the Bongó: A Puerto Rican Hybrid"
"journal-article-10.2307_3128450-ngram1.txt","Musical Images in a Portrait of Teresa Blount"
"journal-article-10.2307_394680-ngram1.txt","Back Matter"
"journal-article-10.2307_40926183-ngram1.txt","Fragmentary pleasures: masculinity, urban spaces, and commodity politics in Delhi"
"journal-article-10.2307_43752791-ngram1.txt","LOST &amp; FOUND"
"journal-article-10.1086_651517-ngram1.txt","journal-article-10.1086_651517-ngram1.txt"
"journal-article-10.2307_29735383-ngram1.txt","Putting on the International Style"
"journal-article-10.2307_40004646-ngram1.txt","María Novaro on the Making of \"Lola\" and \"Danzón\""
"journal-article-10.2307_829742-ngram1.txt","journal-article-10.2307_829742-ngram1.txt"
"journal-article-10.2307_90021593-ngram1.txt","BIOGRAPHICAL NOTES | NOTICES BIOGRAPHIQUES"
"journal-article-10.1525_jams.2012.65.2.593-ngram1.txt",""
"journal-article-10.2307_23557273-ngram1.txt","Front Matter"
"journal-article-10.2307_25027048-ngram1.txt","Notes and Comments"
"journal-article-10.2307_3389124-ngram1.txt","journal-article-10.2307_3389124-ngram1.txt"
"journal-article-10.2307_731443-ngram1.txt"," Stravinsky as Littérateur"
"journal-article-10.2307_733334-ngram1.txt","Music Received"
"journal-article-10.2307_jeductechsoci.5.1.141-ngram1.txt","The Wisconsin School of the Air: Success Story with Implications"
"journal-article-10.2307_40933874-ngram1.txt","journal-article-10.2307_40933874-ngram1.txt"
"journal-article-10.2307_4302330-ngram1.txt","journal-article-10.2307_4302330-ngram1.txt"
"journal-article-10.2307_938345-ngram1.txt","London Music"
"journal-article-10.2307_1225123-ngram1.txt","\"At Last I Can Tell It to Someone!\": Feminine Point of View and Subjectivity in the Gothic Romance Film of the 1940s"
"journal-article-10.2307_24706079-ngram1.txt","MILTON'S PHILOSOPHY"
"journal-article-10.2307_3203988-ngram1.txt","An International Play Library on Film"
"journal-article-10.2307_3382210-ngram1.txt","Back Matter"
"journal-article-10.2307_3394302-ngram1.txt","Music in Britain's Informal Classrooms: What Does It Suggest for American Education?"
"journal-article-10.2307_43453721-ngram1.txt","Return of the Centaur"
"journal-article-10.2307_27556855-ngram1.txt","Front Matter"
"journal-article-10.2307_335666-ngram1.txt","The Mexican Literary Scene in 1956"
"journal-article-10.2307_383980-ngram1.txt","Notes and Discussion"
"journal-article-10.2307_43480596-ngram1.txt","DEPARTMENT OF PAINTINGS"
"journal-article-10.2307_43877692-ngram1.txt","Back Matter"
"journal-article-10.2307_854482-ngram1.txt","Recent Schenker: The Poetic Power of Intelligent Calculation (Or, The Emperor's Second Set of New Clothes)"
"journal-article-10.2307_20492046-ngram1.txt","The Bird in the Work of Niki De Saint Phalle"
"journal-article-10.2307_20710101-ngram1.txt","INTRODUCTION: What Is Globalization?"
"journal-article-10.2307_25090929-ngram1.txt","Volume Information"
"journal-article-10.2307_25727176-ngram1.txt","Montréal: Where the American Bar Association Gathers in 1975"
"journal-article-10.2307_43180342-ngram1.txt","Discovering animal diversity"
"journal-article-10.2307_4412983-ngram1.txt","Teaching against Communalism: Role of Social Science Pedagogy"
"journal-article-10.2307_23555776-ngram1.txt","I Have a Hunch"
"journal-article-10.2307_25627222-ngram1.txt","Back Matter"
"journal-article-10.2307_25745395-ngram1.txt","Visiting the Dead"
"journal-article-10.2307_3396620-ngram1.txt","The Last Word"
"journal-article-10.2307_3526605-ngram1.txt","Front Matter"
"journal-article-10.2307_40624797-ngram1.txt","From Dolls Gap To Little Pigeon Creek"
"journal-article-10.2307_41505387-ngram1.txt","Staff As of 1 September 1980"
"journal-article-10.2307_739603-ngram1.txt","Quarterly Record-List"
"journal-article-10.2307_803504-ngram1.txt","Book Notices"
"journal-article-10.2307_874655-ngram1.txt","Acquisitions of Works of Art by Museums and Galleries: Supplement"
"journal-article-10.2307_25105955-ngram1.txt","Mohammedan Marriage, Divorce and Domestic Relation"
"journal-article-10.2307_26432947-ngram1.txt","A PLAYWRIGHT'S NOTE ON THE ACT OF RE-CREATION"
"journal-article-10.2307_40642476-ngram1.txt","The Politics of Culture"
"journal-article-10.2307_41207952-ngram1.txt","Scotland and the Scots"
"journal-article-10.2307_43473011-ngram1.txt","\"Environment is all\": William Goyen's East Texas"
"journal-article-10.2307_1053164-ngram1.txt","Certain Bases of Power Politics"
"journal-article-10.2307_1317111-ngram1.txt","Standards for Judging the Adequacy of Sociology I"
"journal-article-10.2307_1344912-ngram1.txt","Wrestling (American Style) with Proteus"
"journal-article-10.2307_25649775-ngram1.txt","Datebook"
"journal-article-10.2307_26087763-ngram1.txt","Wood Preserving Works at Las Vegas, N. M"
"journal-article-10.2307_3289102-ngram1.txt","Plato as a Contemporary Essayist"
"journal-article-10.2307_40921289-ngram1.txt","Shorter notices"
"journal-article-10.2307_43383622-ngram1.txt","Ranggawarsita, the Pustaka Raja Madya and the Wayang madya"
"journal-article-10.2307_43452268-ngram1.txt","Toronto Tempo"
"journal-article-10.2307_43453728-ngram1.txt","Listen to Britain"
"journal-article-10.2307_966591-ngram1.txt","Back Matter"
"journal-article-10.2307_23824401-ngram1.txt","Front Matter"
"journal-article-10.2307_24889303-ngram1.txt","Recycling:"
"journal-article-10.2307_343459-ngram1.txt","Strategies for Including Afro-Latin American Culture in the Intermediate Spanish Class"
"journal-article-10.2307_41690018-ngram1.txt","Contributors"
"journal-article-10.2307_41949463-ngram1.txt","Front Matter"
"journal-article-10.2307_4420680-ngram1.txt","Museum Exhibitions and Programs"
"journal-article-10.2307_492998-ngram1.txt","Movietone News and the Rise of Fascism in Europe, 1930-1935: A Guide for the Researcher, Teacher, and Student"
"journal-article-10.2307_821398-ngram1.txt","The Myth Ritual Theory and the Teaching of Multicultural Literature"
"journal-article-10.5406_americanmusic.29.3.0383-ngram1.txt",",“Denoting Difference: The Writing of the Slave Spirituals,”"
"journal-article-10.2307_1193829-ngram1.txt","New Insight"
"journal-article-10.2307_25126349-ngram1.txt","American Pastime"
"journal-article-10.2307_3389962-ngram1.txt","James L. Mursell"
"journal-article-10.2307_3395175-ngram1.txt","journal-article-10.2307_3395175-ngram1.txt"
"journal-article-10.2307_3400149-ngram1.txt","Consonance"
"journal-article-10.2307_817603-ngram1.txt","English by Any Name Is Still Humanities"
"journal-article-10.2307_1652544-ngram1.txt","The Collecting of Folk Songs by Phonophotography"
"journal-article-10.2307_20746070-ngram1.txt","Tribe: As U.S. Drifts, Court No Guiding Light"
"journal-article-10.2307_27902871-ngram1.txt","CONTRA RES SEMPITERNAS"
"journal-article-10.2307_3087990-ngram1.txt","An Approach to Urban Word Geography"
"journal-article-10.2307_3292757-ngram1.txt","The Transfiguration of the Sibyl"
"journal-article-10.2307_41402794-ngram1.txt","Conscientious Thinking: Fundamentalism Nihilism, and the Problem of Value during the Demise of the Scientific Worldview"
"journal-article-10.2307_4185977-ngram1.txt","Front Matter"
"journal-article-10.2307_42683447-ngram1.txt","journal-article-10.2307_42683447-ngram1.txt"
"journal-article-10.2307_44284232-ngram1.txt","TRANSLATING THE FICTION OF FASCISM"
"journal-article-10.2307_455067-ngram1.txt","Of Matters Lexicographical: Keeping a Record of New English, 1963-1972"
"journal-article-10.2307_830202-ngram1.txt","journal-article-10.2307_830202-ngram1.txt"
"journal-article-10.2307_964464-ngram1.txt","Repertory Opera"
"journal-article-10.1525_vs.2006.1.1-2.485-ngram1.txt","Nguyên Huy Thiêp"
"journal-article-10.2307_23507212-ngram1.txt","Back Matter"
"journal-article-10.2307_29776100-ngram1.txt","Scenes from the Eastern Frontier"
"journal-article-10.2307_3128723-ngram1.txt","Listening to Sacred Polyphony"
"journal-article-10.2307_40643771-ngram1.txt","journal-article-10.2307_40643771-ngram1.txt"
"journal-article-10.4169_college.math.j.45.4.324-ngram1.txt","Media Highlights"
"journal-article-10.2307_1258558-ngram1.txt","Folklore Gone Wrong"
"journal-article-10.2307_160255-ngram1.txt","journal-article-10.2307_160255-ngram1.txt"
"journal-article-10.2307_23149137-ngram1.txt","EARLY AMERICAN FABRICS AND COLORS"
"journal-article-10.2307_27920557-ngram1.txt","Back Matter"
"journal-article-10.2307_40635346-ngram1.txt","journal-article-10.2307_40635346-ngram1.txt"
"journal-article-10.2307_42923665-ngram1.txt","Teenage Behavior: It's Not Biology, Psychology, or Family Values"
"journal-article-10.2307_24484404-ngram1.txt","Opportunity Costs of the Common Core in High School ELA"
"journal-article-10.2307_26456740-ngram1.txt","TOM WOLFE: PENANCE NO MORE"
"journal-article-10.2307_333751-ngram1.txt","President's Address: Our Association Today"
"journal-article-10.2307_43453932-ngram1.txt","Sweet Smell of Success"
"journal-article-10.2307_43543907-ngram1.txt","How Can A Music Student Earn A Living?"
"journal-article-10.2307_534590-ngram1.txt","Record of American Indian Folk-Lore"
"journal-article-10.2307_670452-ngram1.txt","journal-article-10.2307_670452-ngram1.txt"
"journal-article-10.2307_912681-ngram1.txt","Occasional Notes"
"journal-article-10.2307_913965-ngram1.txt","London Concerts"
"journal-article-10.2307_20387166-ngram1.txt","Backtalk"
"journal-article-10.2307_41959446-ngram1.txt","EDITORIAL COMMENT: Campus Unrest: History, Knowledge, Politics in College"
"journal-article-10.2307_1210911-ngram1.txt","journal-article-10.2307_1210911-ngram1.txt"
"journal-article-10.2307_23555330-ngram1.txt","Letters to the Editor"
"journal-article-10.2307_24335771-ngram1.txt","Updates from Student Chapters"
"journal-article-10.2307_27775970-ngram1.txt","Homage To The Runner"
"journal-article-10.2307_4469832-ngram1.txt","Report on the Financial Analysts Convention"
"journal-article-10.2307_536893-ngram1.txt","Folklore News"
"journal-article-10.2307_165965-ngram1.txt","Front Matter"
"journal-article-10.2307_20561834-ngram1.txt","Legends and Lore of the Healing Art: III"
"journal-article-10.2307_41670540-ngram1.txt","POGGIO CIVITATE"
"journal-article-10.2307_41842942-ngram1.txt","Developments in Industrial Relations"
"journal-article-10.2307_20494583-ngram1.txt","A Decorative Personality"
"journal-article-10.2307_23259653-ngram1.txt","journal-article-10.2307_23259653-ngram1.txt"
"journal-article-10.2307_24484226-ngram1.txt","The 2012 Honor List in a Digital Age"
"journal-article-10.2307_2655538-ngram1.txt","Cyberspace: Sociology's Natural Domain"
"journal-article-10.2307_40601429-ngram1.txt","Nature and things: recent paintings by Howard Hodgkin"
"journal-article-10.2307_41765157-ngram1.txt","Two Thoughts"
"journal-article-10.2307_965499-ngram1.txt","Books Received"
"journal-article-10.2307_1557782-ngram1.txt","journal-article-10.2307_1557782-ngram1.txt"
"journal-article-10.2307_23635204-ngram1.txt","BORSTAL BRIEFLY RE-VISITED: Recollections—and Some Related Reflections"
"journal-article-10.2307_25147619-ngram1.txt","journal-article-10.2307_25147619-ngram1.txt"
"journal-article-10.2307_26435931-ngram1.txt","THE GREEN ROOM"
"journal-article-10.2307_2935006-ngram1.txt","Muntu: Janhenz Jahn on Janhenz Jahn"
"journal-article-10.2307_3108661-ngram1.txt","Front Matter"
"journal-article-10.2307_3289130-ngram1.txt","Value of the Classics"
"journal-article-10.2307_41957180-ngram1.txt","In the Journals"
"journal-article-10.2307_42648747-ngram1.txt","Dateline: WASHINGTON"
"journal-article-10.2307_894289-ngram1.txt","journal-article-10.2307_894289-ngram1.txt"
"journal-article-10.2307_2317704-ngram1.txt","Back Matter"
"journal-article-10.2307_24948187-ngram1.txt","Prospects of Cheaper Ocean Postage"
"journal-article-10.2307_30149266-ngram1.txt","journal-article-10.2307_30149266-ngram1.txt"
"journal-article-10.2307_30217852-ngram1.txt","A Survey of ITV in Higher Education"
"journal-article-10.2307_40426512-ngram1.txt","Front Matter"
"journal-article-10.2307_unteteacgerm.46.1.139-ngram1.txt","XV. German Test Preparation (Young Adult Learners, A1)"
"journal-article-10.2307_20459346-ngram1.txt","journal-article-10.2307_20459346-ngram1.txt"
"journal-article-10.2307_26141691-ngram1.txt","Materials for Paper"
"journal-article-10.2307_3172478-ngram1.txt","Hold That Tiger"
"journal-article-10.2307_3394156-ngram1.txt","Societies and Archives for Ethnomusicology"
"journal-article-10.2307_3408939-ngram1.txt","Extra-Curricular Activities"
"journal-article-10.2307_4022204-ngram1.txt","Fates Worse than Death?"
"journal-article-10.2307_41200016-ngram1.txt","Poetry and the Common Store"
"journal-article-10.2307_431449-ngram1.txt","Front Matter"
"journal-article-10.2307_43168741-ngram1.txt","Editor's Note: Science Is a Priority"
"journal-article-10.2307_1185425-ngram1.txt","Front Matter"
"journal-article-10.2307_20487488-ngram1.txt","Editorial Etchings"
"journal-article-10.2307_24936297-ngram1.txt","THE AMATEUR SCIENTIST"
"journal-article-10.2307_25118051-ngram1.txt","Suspicious Origin"
"journal-article-10.2307_25306954-ngram1.txt","The Model Soprano"
"journal-article-10.2307_30207856-ngram1.txt","Front Matter"
"journal-article-10.2307_3181854-ngram1.txt","Charivaria"
"journal-article-10.2307_3369841-ngram1.txt","Correspondence"
"journal-article-10.2307_344330-ngram1.txt","journal-article-10.2307_344330-ngram1.txt"
"journal-article-10.2307_42806488-ngram1.txt","[Editorials]"
"journal-article-10.2307_43457137-ngram1.txt","Front Matter"
"journal-article-10.2307_4500544-ngram1.txt","journal-article-10.2307_4500544-ngram1.txt"
"journal-article-10.2307_829477-ngram1.txt","Reports"
"journal-article-10.2307_850400-ngram1.txt","journal-article-10.2307_850400-ngram1.txt"
"journal-article-10.2307_993423-ngram1.txt","Current Educational Literature in the Periodicals"
"journal-article-10.2307_1520025-ngram1.txt","journal-article-10.2307_1520025-ngram1.txt"
"journal-article-10.2307_20163479-ngram1.txt","Autolycus: Sir Hugh and Lady Lloyd-Jones: Now a Classic Wellesley Couple"
"journal-article-10.2307_23164523-ngram1.txt","THE CURIOSITY OF THE GAZE: Imperial and Anthropological Postmodernisn"
"journal-article-10.2307_30040414-ngram1.txt","Back Matter"
"journal-article-10.2307_3382389-ngram1.txt","journal-article-10.2307_3382389-ngram1.txt"
"journal-article-10.2307_3390878-ngram1.txt","10 Days, 28 Concerts, 30,000 Children"
"journal-article-10.2307_3392828-ngram1.txt","In Memoriam"
"journal-article-10.2307_42827338-ngram1.txt","THE WEEK IN REVIEW"
"journal-article-10.2307_44537210-ngram1.txt","New Executive Director Sets Goals Professionalism and Service"
"journal-article-10.2307_533418-ngram1.txt","journal-article-10.2307_533418-ngram1.txt"
"journal-article-10.2307_830742-ngram1.txt","Volume Information"
"journal-article-10.2307_954574-ngram1.txt","Festivals"
"journal-article-10.2307_23825794-ngram1.txt","STANFORD CONFERENCE ON THE HISTORY OF CHINESE SYNTAX"
"journal-article-10.2307_25108434-ngram1.txt","Drama and Music: Significant Happenings of the Month. Shakespeare in the New Manner. The Amazing Marriage of Mr. Leo Ornstein and the Muse"
"journal-article-10.2307_26119016-ngram1.txt","CONDITIONS IN PORTO RICO"
"journal-article-10.2307_3346810-ngram1.txt","Back Matter"
"journal-article-10.2307_43534185-ngram1.txt","ORGAN"
"journal-article-10.2307_43536355-ngram1.txt","ARIZONA"
"journal-article-10.2307_43537705-ngram1.txt","journal-article-10.2307_43537705-ngram1.txt"
"journal-article-10.2307_888740-ngram1.txt","journal-article-10.2307_888740-ngram1.txt"
"journal-article-10.2307_914842-ngram1.txt","Music in Ireland"
"journal-article-10.2307_20789864-ngram1.txt","Editorial"
"journal-article-10.2307_23548773-ngram1.txt","Letters to the editor"
"journal-article-10.2307_27533123-ngram1.txt","Shrines of the Mighty: From Athens to Corinth"
"journal-article-10.2307_27917819-ngram1.txt","journal-article-10.2307_27917819-ngram1.txt"
"journal-article-10.2307_30163611-ngram1.txt","journal-article-10.2307_30163611-ngram1.txt"
"journal-article-10.2307_315264-ngram1.txt","Foreign Notes"
"journal-article-10.2307_344443-ngram1.txt","journal-article-10.2307_344443-ngram1.txt"
"journal-article-10.2307_40468252-ngram1.txt","Front Matter"
"journal-article-10.2307_41062841-ngram1.txt","The Principal and the Movies"
"journal-article-10.2307_41110052-ngram1.txt","\"The Drug Store Cabaret\" Pharmacy and Vaudeville in 1920"
"journal-article-10.2307_43044177-ngram1.txt","The World at Its Gravest and Best"
"journal-article-10.2307_44246067-ngram1.txt","THE NEGRO IN DISTANT PARTS"
"journal-article-10.2307_4617875-ngram1.txt","Harry F. Olson: 1901-1982"
"journal-article-10.2307_779289-ngram1.txt","Dedication"
"journal-article-10.2307_834503-ngram1.txt","Front Matter"
"journal-article-10.2307_849872-ngram1.txt","journal-article-10.2307_849872-ngram1.txt"
"journal-article-10.2307_854523-ngram1.txt","journal-article-10.2307_854523-ngram1.txt"
"journal-article-10.2307_898896-ngram1.txt","journal-article-10.2307_898896-ngram1.txt"
"journal-article-10.2307_40587411-ngram1.txt","journal-article-10.2307_40587411-ngram1.txt"
"journal-article-10.2307_417347-ngram1.txt","journal-article-10.2307_417347-ngram1.txt"
"journal-article-10.2307_26061082-ngram1.txt","Front Matter"
"journal-article-10.2307_3254928-ngram1.txt","Accessions and Notes"
"journal-article-10.2307_3462368-ngram1.txt","journal-article-10.2307_3462368-ngram1.txt"
"journal-article-10.2307_40222074-ngram1.txt","Back Matter"
"journal-article-10.2307_42752997-ngram1.txt","[Editorials]"
"journal-article-10.2307_42966630-ngram1.txt","Back Matter"
"journal-article-10.2307_43452151-ngram1.txt","Evivve, Venice"
"journal-article-10.2307_43536143-ngram1.txt","ADVERTISERS Index"
"journal-article-10.2307_44208394-ngram1.txt","NOTES ON FATHER NERINCKX'S HYMNARY"
"journal-article-10.2307_666881-ngram1.txt","journal-article-10.2307_666881-ngram1.txt"
"journal-article-10.2307_850145-ngram1.txt","From the Editor"
"journal-article-10.2307_891438-ngram1.txt","Survey of Record Albums"
"journal-article-10.2307_23557263-ngram1.txt","journal-article-10.2307_23557263-ngram1.txt"
"journal-article-10.2307_26439561-ngram1.txt","A TREASURY OF FOLKLORE"
"journal-article-10.2307_27743157-ngram1.txt","journal-article-10.2307_27743157-ngram1.txt"
"journal-article-10.2307_3519823-ngram1.txt"," Nyiregyházi's Liszt"
"journal-article-10.2307_40026345-ngram1.txt","journal-article-10.2307_40026345-ngram1.txt"
"journal-article-10.2307_41121912-ngram1.txt","journal-article-10.2307_41121912-ngram1.txt"
"journal-article-10.2307_944767-ngram1.txt","journal-article-10.2307_944767-ngram1.txt"
"journal-article-10.2307_964198-ngram1.txt","Mirror of Civilization?"
"journal-article-10.2307_1346355-ngram1.txt","Redirection in English"
"journal-article-10.2307_20576693-ngram1.txt","News Notes"
"journal-article-10.2307_20606959-ngram1.txt","Front Matter"
"journal-article-10.2307_20626730-ngram1.txt","Lego or Liga?"
"journal-article-10.2307_23687674-ngram1.txt","journal-article-10.2307_23687674-ngram1.txt"
"journal-article-10.2307_24939778-ngram1.txt","Front Matter"
"journal-article-10.2307_24945127-ngram1.txt","journal-article-10.2307_24945127-ngram1.txt"
"journal-article-10.2307_24972889-ngram1.txt","THE SEVENTH INTERNATIONAL GEOLOGICAL CONGRESS"
"journal-article-10.2307_25008178-ngram1.txt","Stories of Kisses Stories of Tears"
"journal-article-10.2307_26015362-ngram1.txt","The Loss of the \"Audacious\""
"journal-article-10.2307_26077537-ngram1.txt","Primitive Pounding Mills in Arkansas"
"journal-article-10.2307_3108445-ngram1.txt","Front Matter"
"journal-article-10.2307_3206860-ngram1.txt","journal-article-10.2307_3206860-ngram1.txt"
"journal-article-10.2307_3292021-ngram1.txt","Tiberius and Drusus"
"journal-article-10.2307_379789-ngram1.txt","journal-article-10.2307_379789-ngram1.txt"
"journal-article-10.2307_40317259-ngram1.txt","Rebuttal 1"
"journal-article-10.2307_4284019-ngram1.txt","Back Matter"
"journal-article-10.2307_4383113-ngram1.txt","Front Matter"
"journal-article-10.2307_780284-ngram1.txt","journal-article-10.2307_780284-ngram1.txt"
"journal-article-10.2307_817590-ngram1.txt","The Natural: The English Teacher as Humanities Teacher"
"journal-article-10.2307_829269-ngram1.txt","Rhythm and Tempo in Bach's Time"
"journal-article-10.2307_831062-ngram1.txt","Front Matter"
"journal-article-10.2307_850167-ngram1.txt","journal-article-10.2307_850167-ngram1.txt"
"journal-article-10.2307_899542-ngram1.txt","journal-article-10.2307_899542-ngram1.txt"
"journal-article-10.2307_919515-ngram1.txt","Royal Academy of Music"
"journal-article-10.2307_950838-ngram1.txt","Civil War Songs"
"journal-article-10.2307_138284-ngram1.txt","journal-article-10.2307_138284-ngram1.txt"
"journal-article-10.2307_1411612-ngram1.txt","journal-article-10.2307_1411612-ngram1.txt"
"journal-article-10.2307_1556768-ngram1.txt","Archives Gives Three Grants-in-Aid Amounting to $14,000.00"
"journal-article-10.2307_1557369-ngram1.txt","Worthington Whittredge: Drawings from Life"
"journal-article-10.2307_1651846-ngram1.txt","Sidney Irving Smith"
"journal-article-10.2307_26049186-ngram1.txt","FRENCH ARTISANS AT THE CENTENNIAL"
"journal-article-10.2307_26087685-ngram1.txt","DETACHABLE SHIRT BOSOM"
"journal-article-10.2307_3412527-ngram1.txt","Book Parade"
"journal-article-10.2307_3654796-ngram1.txt","journal-article-10.2307_3654796-ngram1.txt"
"journal-article-10.2307_41766290-ngram1.txt","The Great Exchange"
"journal-article-10.2307_43538369-ngram1.txt","RECORDINGS"
"journal-article-10.2307_43540830-ngram1.txt","STATEMENT OF OWNERSHIP, MANAGEMENT AND CIRCULATION"
"journal-article-10.2307_466670-ngram1.txt","Back Matter"
"journal-article-10.2307_538184-ngram1.txt","journal-article-10.2307_538184-ngram1.txt"
"journal-article-10.2307_895653-ngram1.txt","journal-article-10.2307_895653-ngram1.txt"
"journal-article-10.2307_bullecosociamer.86.3.119-ngram1.txt",""
"journal-article-10.2307_20151037-ngram1.txt","Back Matter"
"journal-article-10.2307_2920027-ngram1.txt","journal-article-10.2307_2920027-ngram1.txt"
"journal-article-10.2307_304588-ngram1.txt","journal-article-10.2307_304588-ngram1.txt"
"journal-article-10.2307_41509221-ngram1.txt","journal-article-10.2307_41509221-ngram1.txt"
"journal-article-10.2307_43543763-ngram1.txt","Front Matter"
"journal-article-10.2307_43661479-ngram1.txt","ARTHUR DANTO, 1924-2013"
"journal-article-10.2307_44771730-ngram1.txt","CATALOGUES, REPORTS, ETC."
"journal-article-10.2307_938295-ngram1.txt","Books Received"
"journal-article-10.2307_1767386-ngram1.txt","Pyrite Incrustations of the Cretaceous Formations of Middlesex County, N.J"
"journal-article-10.2307_304997-ngram1.txt","journal-article-10.2307_304997-ngram1.txt"
"journal-article-10.2307_41213121-ngram1.txt","JOURNAL: An Aborted Project"
"journal-article-10.2307_41938610-ngram1.txt","Kisetsuka"
"journal-article-10.2307_44473524-ngram1.txt","Front Matter"
"journal-article-10.2307_898314-ngram1.txt","journal-article-10.2307_898314-ngram1.txt"
"journal-article-10.2307_942549-ngram1.txt","Benjamin Britten: On Behalf of Gustav Mahler"
"journal-article-10.2307_2090848-ngram1.txt","journal-article-10.2307_2090848-ngram1.txt"
"journal-article-10.2307_23541800-ngram1.txt","Michigan State Chairman: DR. HARRY M. LANGSFORD"
"journal-article-10.2307_41427608-ngram1.txt","Notes on Contributors"
"journal-article-10.2307_42842038-ngram1.txt","Books Received"
"journal-article-10.2307_43887995-ngram1.txt","Annual Conference '84 Blends New and Familiar Features"
"journal-article-10.2307_739952-ngram1.txt","journal-article-10.2307_739952-ngram1.txt"
"journal-article-10.2307_891421-ngram1.txt","journal-article-10.2307_891421-ngram1.txt"
"journal-article-10.2307_272287-ngram1.txt","Negro Maker of Songs"
"journal-article-10.2307_41886731-ngram1.txt","journal-article-10.2307_41886731-ngram1.txt"
"journal-article-10.2307_43516460-ngram1.txt","National Officers 1969-1971 Biennium"
"journal-article-10.2307_537853-ngram1.txt","journal-article-10.2307_537853-ngram1.txt"
"journal-article-10.2307_729895-ngram1.txt","journal-article-10.2307_729895-ngram1.txt"
"journal-article-10.2307_735485-ngram1.txt","journal-article-10.2307_735485-ngram1.txt"
"journal-article-10.2307_835512-ngram1.txt","journal-article-10.2307_835512-ngram1.txt"
"journal-article-10.2307_891593-ngram1.txt","journal-article-10.2307_891593-ngram1.txt"
"journal-article-10.2307_23207698-ngram1.txt","journal-article-10.2307_23207698-ngram1.txt"
"journal-article-10.2307_3396345-ngram1.txt","No Women's Lib in MEJ"
"journal-article-10.2307_4141860-ngram1.txt","An African American Triptych: Poems"
"journal-article-10.2307_42967255-ngram1.txt","Notes on Contributors"
"journal-article-10.2307_43544034-ngram1.txt","journal-article-10.2307_43544034-ngram1.txt"
"journal-article-10.2307_44045391-ngram1.txt","NOTES AND QUERIES"
"journal-article-10.2307_3128877-ngram1.txt","Front Matter"
"journal-article-10.2307_892219-ngram1.txt","journal-article-10.2307_892219-ngram1.txt"
